,age,skill,height,salary
0,36,0.813668547734501,1.63,1297.781281325315
1,43,0.6924067251748152,1.53,1850.5656968771852
2,33,1.0,1.64,1091.0985625888925
3,64,1.0,1.72,4098.099840031996
4,53,0.2723607410049482,1.81,2809.858202423961
5,54,0.8195462907366363,1.87,2917.7818341386405
6,41,0.3101748638333581,1.85,1681.918397763394
7,43,0.24221186270304468,1.89,1849.797577700306
8,37,0.522168939902445,1.72,1370.28752722983
9,61,0.43603106943169767,1.61,3722.138025904676
10,58,0.6004418280008444,1.52,3365.407998810368
11,59,0.5172934174578039,1.89,3482.265216343389
12,60,0.22733865074914417,1.66,3600.7858362180004
13,64,0.9569335752290244,2.0,4097.992359551998
14,22,0.48533611362320755,1.57,485.2183681947272
15,44,0.7672135583594297,1.96,1937.678116750218
16,62,0.7376689570982335,1.72,3845.6538772590625
17,29,0.6610130606367717,1.59,842.5189113673348
18,64,0.3172344000442968,1.85,4096.930398974953
19,55,0.7108854411835996,1.5,3026.592821025673
20,41,0.29866047391704664,1.95,1681.8834880307843
21,47,0.739484916744459,1.6,2210.6531442919654
22,38,0.6147915491195574,1.53,1445.4337510778914
23,37,0.4816669720314067,1.81,1370.2140230167056
24,60,0.43221832199088867,1.75,3601.1337723963434
25,24,0.7301603739754263,1.52,577.6285203385249
26,55,0.7863038318040105,1.85,3026.727817008944
27,21,0.4071543307485275,1.85,442.0832628571498
28,42,0.653730657857893,1.95,1765.4871073434838
29,55,0.075640862717751,1.88,3025.515837169387
30,63,0.0,1.53,3969.3886054443883
31,31,0.917008219915453,1.6,962.954933907356
32,52,0.6072589369520945,1.81,2705.427529357071
33,62,0.045921955024732064,1.76,3844.4766299124344
34,39,0.5522903741606183,1.91,1522.3216369428178
35,35,0.43123995618805033,1.6,1226.1291278590195
36,50,0.33378952590067856,1.88,2500.954689896798
37,45,0.09581697170251846,1.73,2025.5625290138455
38,45,0.09988157367302308,1.92,2025.5508997191655
39,29,1.0,1.59,843.0951891642524
40,52,0.8131026081836044,1.67,2705.781914595864
41,62,0.8999998494988033,1.53,3845.9186051885363
42,50,0.3587383845337294,1.69,2501.009815255707
43,31,0.4252940584267108,1.66,962.1223604110525
44,27,0.5998772238977756,1.62,730.4172394551779
45,60,0.3228295758921504,1.83,3600.9421070805847
46,64,0.8124577924639107,1.58,4097.775459520837
47,50,0.4084928171914085,1.82,2501.0887190628746
48,38,0.4392616635133294,1.75,1445.1457460769316
49,28,0.32013708903366767,1.53,784.9328384957453
50,55,0.5113966231121757,1.54,3026.2592642199315
51,30,1.0,1.6,902.0960199334997
52,28,0.5041445770010146,1.88,785.2442934836683
53,37,1.0,1.89,1371.0858175337107
54,29,0.5015283897219652,1.63,842.2506430566937
55,49,0.6625435332051874,1.77,2402.524368800615
56,52,0.24579522737417658,1.88,2704.8050995893027
57,25,0.7712612031804877,1.58,626.7054253190558
58,61,0.5243206157156057,1.55,3722.282445541594
59,61,0.8878637938599043,1.81,3722.904557613814
60,63,0.7263905532268605,1.68,3970.6347039724815
61,31,0.7884543848773145,1.68,962.7402124862872
62,43,0.38256079250243424,1.78,1850.047801521806
63,59,0.7711658373800264,1.97,3482.6828594414487
64,44,0.25803373938060076,1.52,1936.8259050597137
65,28,0.46114693637563914,1.81,785.1791389560909
66,31,0.4206928993982519,1.93,962.0945678710673
67,21,0.33346819282343565,1.8,441.9629158612995
68,58,0.6349350729141794,1.81,3365.4745787882066
69,37,0.6722443409736923,1.56,1370.5350517121362
70,37,0.0,1.83,1369.3932968015677
71,62,0.5384824544449609,1.56,3845.3076565050374
72,58,0.22194588489749623,1.97,3364.7491855222283
73,21,0.5337185315633108,1.78,442.30476967820925
74,62,0.5522934646080128,1.61,3845.3356719764756
75,61,0.2950807528428534,1.58,3721.895918553482
76,61,0.8008033447102639,1.62,3722.7588138605593
77,25,0.8183228548430858,1.61,626.7879219398756
78,20,0.4218302638297388,1.96,401.0909651495175
79,37,0.9316189785697422,1.84,1370.9759885960495
80,48,0.03741222324725796,1.64,2304.4621633684123
81,43,0.214886185031817,1.88,1849.7525542173207
82,49,0.325997024486799,1.72,2401.954034973623
83,47,1.0,1.71,2211.0999600019995
84,63,0.0,1.95,3969.375765225125
85,63,0.34751765657822187,1.93,3969.9701699582733
86,59,0.5396782646918417,1.66,3482.3168135617034
87,31,0.6213480257180439,1.53,962.4448970881087
88,39,0.49858071692528705,1.82,1522.241868492422
89,62,0.5578289177063408,1.97,3845.3201866780037
90,50,0.6467486225842125,1.62,2501.496920832945
91,24,0.07180899842496785,1.78,576.5195234718741
92,28,0.11705727139318994,1.75,784.5979986103274
93,42,0.4139268578338965,1.74,1765.1030361700448
94,42,0.6501727101953583,1.75,1765.5042948562912
95,42,0.7917631711905926,1.78,1765.7434455655757
96,60,0.40957869648014217,1.97,3601.0681613019187
97,43,0.40807733583875316,1.53,1850.082336915314
98,40,0.5126106252256024,1.85,1601.2625385577608
99,64,0.42900734560124054,1.8,4097.125332421022
100,33,0.08670175941665298,1.99,1089.515128718035
101,55,1.0,1.96,3027.073853701007
102,28,0.26188264607805756,1.57,784.8384972999004
103,34,0.5277704273963149,1.79,1157.293982813216
104,44,0.22122112210838757,1.53,1936.7646813519723
105,40,0.2176062183905026,1.83,1600.7632273728316
106,56,0.9040479227580371,1.81,3137.932070632941
107,53,0.6894448990030221,1.88,2810.559304031072
108,60,0.1018946632847072,1.88,3600.560468630351
109,58,0.27210537325394624,1.91,3364.8453224412765
110,27,0.2281911332057764,1.53,729.7765303708379
111,27,0.7796995940652396,1.54,730.7153792705517
112,63,0.5137376407166109,1.73,3970.2729941511698
113,42,0.22999550094615412,1.67,1764.7906325135598
114,41,0.019446583956139518,1.78,1681.4305073672772
115,53,0.22639412096264955,1.52,2809.772117708403
116,22,0.0,1.96,484.37385370100696
117,46,0.4647787291858858,1.66,2117.1894843513433
118,34,0.23164433339712065,1.92,1156.7748964106963
119,35,0.23158202453690757,1.52,1225.7809371444794
120,36,0.12829221303004612,1.59,1296.6132859264035
121,51,0.2877695226693602,1.8,2601.8852281220375
122,48,0.76469636787761,1.67,2305.6996239873433
123,48,0.3084845868174367,1.53,2304.913029241978
124,52,0.40030971667173465,1.88,2705.0677742211087
125,59,0.02314842593654165,1.85,3481.4304528189696
126,32,0.9222184239735216,1.85,1025.9588718156322
127,29,0.3522440194690183,1.72,841.998654865093
128,31,0.4318011165504718,1.63,962.1321066923022
129,50,0.5102925727678653,1.88,2501.254745076472
130,53,0.2887335993370148,1.84,2809.8830834513537
131,31,0.5846878699832033,1.85,962.3850698738488
132,27,0.39554872422106524,1.75,730.0714340801347
133,36,0.7075125813805935,1.59,1297.5979605525993
134,61,0.5821118382230765,1.63,3722.3876349191455
135,62,0.7847605669965794,1.92,3845.7151940078156
136,37,0.8098377088780888,1.99,1370.7444598321194
137,60,0.36066158429734957,1.59,3601.008313857558
138,55,0.6828604695321572,1.65,3026.5598640471635
139,62,0.4117637759526986,1.82,3845.094279692769
140,37,0.5915674996387708,1.82,1370.399946023035
141,32,0.09249006277413468,1.55,1024.5483336015932
142,39,0.0,1.79,1521.3967730866423
143,31,0.4858120397425559,1.77,962.2239252617287
144,22,0.2850419999092243,1.64,484.88313398873805
145,62,0.389204823897973,1.5,3845.0459639762876
146,21,0.25618776529344134,1.82,441.8298004746478
147,22,0.2238229846608073,1.52,484.76774677669
148,31,0.43295681298325506,1.66,962.1353870937986
149,32,0.3745229291443203,1.65,1025.0356902285043
150,22,0.5646312807989655,1.65,485.35887442631724
151,21,0.4223627665813484,1.67,442.11765686513974
152,47,0.2919071348355675,1.93,2209.8756320713105
153,38,0.5462201856839086,1.83,1445.3218711172303
154,62,0.9598432085259874,1.67,3846.0313736164458
155,64,0.8050449477789443,1.86,4097.758466371865
156,21,0.5266402357551133,1.86,442.2851783614244
157,57,0.0,1.8,3249.3960199334997
158,53,0.33840336088168727,1.99,2809.9430214405256
159,54,0.6217592928404703,1.86,2917.4468807584694
160,62,0.46931752354298123,1.67,3845.1974799519744
161,64,0.44726645412900495,1.63,4097.158397766186
162,20,0.40038347788567946,1.72,401.0804919444014
163,36,0.6784770880196378,1.8,1297.549430983133
164,55,0.726868871432343,1.75,3026.634678330394
165,45,0.44476462213132073,1.67,2026.1557400195745
166,32,0.7171170553606627,1.81,1025.6142881583655
167,52,0.2914434610247736,1.85,2704.886554378619
168,50,0.33725178331483774,1.64,2500.9718906205276
169,63,0.4198964650143776,1.74,3970.1131845022514
170,46,0.2119594213752481,1.51,2116.746148550049
171,56,0.9461546800204836,1.69,3138.0084229580343
172,22,0.2864124420602857,1.62,484.8843493260541
173,59,0.9869671867193153,1.85,3483.0689447123
174,56,0.7494355379259178,1.87,3137.6626458588626
175,44,0.490230332566682,1.91,1937.2161348721081
176,21,0.8404458031833387,1.82,442.82303913906065
177,46,0.4249336260938042,1.73,2117.122027326311
178,53,0.7301072200667276,1.5,2810.6254980497743
179,29,0.42076434971363164,1.74,842.1146599062403
180,27,0.0,1.59,729.3951891642523
181,62,0.6080111697344438,1.52,3845.420866691315
182,34,0.7011530818780894,1.92,1157.573061283114
183,37,0.2902481217188001,1.95,1369.8691870320474
184,44,0.5621443483474157,1.59,1937.350834556443
185,61,0.2739479557861444,1.68,3721.865551556832
186,43,0.8707519227702956,1.71,1850.8802382707095
187,39,0.5407195992578666,1.56,1522.3114596512194
188,31,0.47382785195246013,1.54,962.19539730896
189,28,0.7280525596764302,1.88,785.6249370542166
190,35,0.10878117174454477,1.82,1225.5792092656147
191,41,0.6858737407675247,1.98,1682.535823165209
192,22,0.786726033289004,1.61,485.7342073432335
193,48,0.6862818952044509,1.56,2305.5589155543285
194,62,0.0,1.67,3844.3996401619515
195,43,0.2560982713982362,1.93,1849.8147570034673
196,54,0.8860821210997326,1.69,2917.906299607869
197,44,0.29405113476807737,1.63,1936.897931723272
198,21,0.349891183302634,1.52,441.9820627143811
199,33,0.08830016075098862,1.83,1089.5434070748443
200,59,0.7535905288938594,1.8,3482.677123832619
201,31,1.0,1.65,963.099001248959
202,58,0.9275825085947642,1.5,3365.961206040272
203,44,1.0,1.73,1938.0996401619514
204,34,0.8194906873374619,1.75,1157.7921354174325
205,51,0.45434451732589715,1.97,2602.144263197357
206,21,0.684426686449275,1.97,442.5354028848665
207,39,0.4918228213375614,1.66,1522.2354593080008
208,34,0.7769090128297427,1.93,1157.7001352639008
209,50,0.6340281819760558,1.96,2501.4517016103664
210,23,0.606621518673804,1.65,530.4302578307044
211,60,0.5851939608450148,1.85,3601.385930228314
212,44,0.7253925941630671,1.72,1937.633007442073
213,63,0.43627992548060857,1.63,3970.1397206674833
214,47,0.47819885669608164,1.77,2210.2109828505495
215,57,1.0,1.93,3251.07938994209
216,63,0.9488942732745647,1.87,3971.001725708955
217,64,0.46650754089800817,1.66,4097.192423331253
218,63,0.31353583261292833,1.79,3969.929784002084
219,49,0.5588749773893538,1.64,2402.348650050454
220,32,0.4014838076728318,1.66,1025.0818829847708
221,21,0.7530759560317382,1.92,442.66133016917524
222,59,0.32875930809782067,1.91,3481.9416341305114
223,38,0.031089475545258982,1.56,1444.445088440908
224,43,0.46846633271513666,1.86,1850.1862827262564
225,43,0.5288446047047822,1.96,1850.2728895290052
226,54,0.5120242858774152,1.58,2917.2647225596406
227,44,0.7312810732622442,1.76,1937.6417404134384
228,31,0.8253528678765383,1.99,962.7708356024167
229,55,0.7409362639468212,1.93,3026.6389815907996
230,63,0.5179854250175027,1.7,3970.28057522253
231,31,0.18552762577420107,1.74,961.7147574755433
232,24,0.7786095749898523,1.62,577.7210844520343
233,37,0.16818022861521592,1.63,1369.683951182812
234,22,0.6868869685881609,1.71,485.5676678485998
235,38,0.404599843061565,1.98,1445.0576575391087
236,53,0.4632070365171981,1.83,2810.180748763647
237,32,0.3921374804720796,1.81,1025.061822881055
238,43,0.9036088730035069,1.87,1850.924740528494
239,48,0.6712917887117171,1.52,2305.5284437435766
240,62,0.27082997160059835,1.93,3844.839800893811
241,24,0.20838868504299995,1.72,576.7541007965689
242,26,0.16910302021703633,1.56,676.6797114668499
243,41,0.4809371499089717,1.8,1682.213613088345
244,37,0.45508897733543474,1.7,1370.1736512614702
245,39,0.27214356998067324,1.66,1521.8620045806942
246,26,0.47661009182515085,1.92,677.191338200024
247,54,0.1427582251720672,1.82,2916.6369702564416
248,58,0.0,1.79,3364.396773086642
249,21,0.7315803977140591,1.68,442.6435267081096
250,42,0.11143803689811904,1.65,1764.5884459116858
251,22,0.3406452938801677,1.81,484.9742861638486
252,44,1.0,1.67,1938.0996401619514
253,34,0.950079902926828,1.52,1158.0023835377424
254,57,0.7894055849718411,1.71,3250.741949496452
255,33,0.0,1.87,1089.388605444388
256,32,0.7575668457000233,1.75,1025.686864886649
257,23,0.3735139749036984,1.81,530.0301629215886
258,38,1.0,1.89,1446.0858175337107
259,29,0.17039116834616658,1.74,841.6890254979155
260,29,0.635099016698681,1.99,842.4474040554144
261,59,0.4951558798530403,1.95,3482.2175302208752
262,26,0.8577592606024007,1.83,677.8514875445917
263,51,1.0,1.6,2603.0960199334995
264,47,0.634480337108107,1.67,2210.4782567350353
265,48,0.812569643515307,1.64,2305.7799309828683
266,40,0.38894772391696397,1.69,1601.0611711326587
267,48,0.928530272714039,1.8,2305.9745213971137
268,30,0.7304403733684965,1.94,901.6193596278936
269,25,0.6319584572975482,1.77,626.4723741715723
270,49,0.21913907557385925,1.62,2401.7699846030273
271,62,0.41912316744695016,1.97,3845.0843869025625
272,47,0.5013764928852117,1.69,2210.2523000399046
273,51,0.10722952615983572,1.89,2601.5681077281824
274,23,0.5052157152837502,1.56,530.2511030484633
275,61,0.7334032931410673,1.75,3722.645786847299
276,47,0.32659581641259994,1.73,2209.9548530498528
277,63,0.32274420757671846,1.93,3969.9280550949707
278,28,0.7521477591015246,1.98,785.6484889963767
279,21,0.3434708789143755,1.54,441.97379045479516
280,43,0.4987329681166542,1.83,1850.241142847366
281,62,0.7716984609959248,1.88,3845.6991350864596
282,61,0.6021835516192179,1.66,3722.42307254948
283,61,0.5767857203208029,1.82,3722.3748169981945
284,54,0.4625507488448677,1.62,2917.183784447588
285,58,0.3910043874957279,1.79,3365.0614805453847
286,39,0.23661540191800728,1.95,1521.778011408386
287,58,0.2078777331689159,1.8,3364.749412079887
288,23,1.0,1.65,531.099001248959
289,49,0.24836998118203796,1.81,2401.817418132262
290,49,0.3821870956779808,1.67,2402.049358224604
291,28,0.1618068649209607,1.72,784.6749117023613
292,59,0.408677855564557,1.55,3482.085852849337
293,26,0.6270519727819571,1.88,677.453236056496
294,48,0.20300297214121432,1.67,2304.7447452145916
295,35,0.6744409437244242,1.73,1226.5461897662829
296,46,1.0,1.55,2118.091100494877
297,59,0.5808325017802132,1.64,3482.3859778419187
298,32,1.0,1.61,1026.0967730866423
299,62,0.42806600046255844,1.93,3845.1071021428766
300,27,0.3091746455929625,1.97,729.8974744154109
301,20,1.0,1.54,402.08988996064073
302,44,0.6985497623620737,1.53,1937.5761400404035
303,38,0.8442759468644181,1.61,1445.8320421963117
304,37,0.8247451825420373,1.96,1370.7759205113284
305,20,0.5723360938332278,1.82,401.36725263316544
306,60,0.6210594484777787,1.96,3601.4296547634194
307,22,0.1814475811738504,1.87,484.69706633238366
308,33,0.0005485351983389175,1.77,1089.3989773040034
309,39,0.19575202222385585,1.66,1521.7321389495075
310,25,0.5322862832888146,1.83,626.2981834831586
311,41,0.5480017549335418,1.74,1682.330963495114
312,52,0.5362046524560313,1.62,2705.308996083727
313,37,0.6507591022640685,1.82,1370.500571747498
314,45,0.10589472842036945,1.96,2025.5538747393216
315,31,0.9940065589364386,1.55,963.0809116450694
316,64,0.4248071743175254,1.64,4097.120734785232
317,22,0.524192870758888,1.64,485.2896904691825
318,50,0.8375247982853045,1.53,2501.812397601473
319,49,0.3673927453538832,1.55,2402.0156681619787
320,58,0.3477299900469889,1.89,3364.976958516791
321,27,0.5822256295580734,1.81,730.384972734501
322,51,0.2996923320240638,1.96,2601.8833306654483
323,62,0.9266974023202159,1.71,3845.975345585944
324,49,0.854191964956899,1.93,2402.831516282517
325,39,0.3329887680569793,1.81,1521.9612700699493
326,34,0.11631248566271529,1.52,1156.5849789283932
327,49,0.0,1.71,2401.3999600019997
328,31,0.6582128976569595,1.55,962.5100624208942
329,30,0.5035006917895799,1.53,901.2445566204303
330,31,0.6598453967332051,1.61,962.5185102610887
331,42,0.5145135029319526,1.55,1765.2657734498616
332,58,0.2798425078977369,1.53,3364.8643377078142
333,60,0.6452010212764456,1.75,3601.495842985129
334,56,0.9985582252712129,1.64,3138.0961115718533
335,57,0.2507005859783834,1.84,3249.8184273286442
336,33,0.0,1.76,1089.3985625888924
337,34,0.8483419972175732,1.96,1157.816035096277
338,62,0.7358961727953816,1.82,3845.6453047674013
339,38,0.3489321489908817,1.96,1444.9670383542914
340,45,0.980929607221239,1.68,2027.067420364272
341,31,0.5386504209320919,1.99,962.2834414426111
342,28,0.0,1.85,784.3911004948774
343,35,0.12350962872012433,1.76,1225.6085289577165
344,41,1.0,1.5,1683.084315775661
345,58,0.44242077797559426,1.74,3365.1514758342855
346,33,0.10793271023067202,1.57,1089.5767824089598
347,62,0.14168700225144393,1.67,3844.640508065779
348,40,0.603931103744469,1.98,1601.3965206822697
349,31,0.3013579703088295,1.93,961.8916984916152
350,61,0.0,1.64,3721.398562588892
351,33,0.4127662786328176,1.82,1090.0959839473248
352,23,0.7748685288833081,1.91,530.7000198058463
353,49,0.3957428244045318,1.78,2402.0702109760396
354,44,0.7105604626569204,1.92,1937.589053830438
355,41,0.01866764568737067,1.7,1681.4317349976686
356,22,0.7028399663299776,1.54,485.5847179034017
357,47,0.3390996016648047,1.92,2209.9575703667515
358,55,0.4224851588050603,1.61,3026.1149978566104
359,32,0.49020093426452266,1.61,1025.2301146748919
360,20,0.4449664804479718,1.75,401.1554442657206
361,36,0.21816853050647322,1.86,1296.7607764625016
362,38,0.2567561710542595,1.53,1444.8250909351802
363,33,0.3365686444477739,1.83,1089.965463497129
364,59,0.4220264762249128,1.65,3482.116446258541
365,43,0.3112984167766011,1.71,1849.9291673105201
366,56,0.9582913091364362,1.95,3138.004860450657
367,29,1.0,1.94,843.0776109931671
368,52,0.0,1.83,2704.393296801568
369,37,0.6754340478756132,1.71,1370.5481978833884
370,32,0.07756206826104994,1.5,1024.5161712917047
371,52,0.43064232075648246,1.97,2705.1039694631886
372,47,0.40444015226577695,1.65,2210.0865495078106
373,44,0.11952747205977482,1.71,1936.6031567045015
374,60,1.0,1.64,3602.098562588892
375,46,0.22286080264069452,1.54,2116.7687533251296
376,37,0.9179809727112547,1.84,1370.95280398609
377,50,0.32466405553486677,1.95,2500.9276941195344
378,55,0.8668265547087168,1.88,3026.8608528457717
379,42,0.7076237212483346,1.61,1765.5997334127644
380,30,0.8200972559577933,1.8,901.790185268628
381,27,0.2701774942245778,1.51,729.8451192738925
382,34,0.7623962032597486,1.96,1157.6699272465485
383,36,0.5669689983648019,1.59,1297.3590364614724
384,61,0.7480398153088637,1.5,3722.655983461686
385,52,0.45980032795643333,1.64,2705.180223146418
386,51,0.0,2.0,2601.3655724741084
387,59,0.3797808688465214,1.84,3482.03786380952
388,40,0.7778760591040178,1.79,1601.719162387119
389,45,0.5472126967732645,1.65,2026.3292628334734
390,41,0.625738060057798,1.97,1682.435632220001
391,24,0.6839966245465617,2.0,577.5283667358376
392,42,0.03863366931841827,1.6,1764.461697171341
393,60,0.5280266509695136,1.61,3601.29441839329
394,64,0.7572959990547812,1.71,4097.687363200393
395,60,0.5203949772876351,1.76,3601.2832340502814
396,38,0.0,1.88,1444.3872477027667
397,43,0.5183869304672527,1.84,1850.2734941142753
398,43,0.24330485206264335,1.92,1849.7947192924278
399,55,0.5727558138709274,1.99,3026.341420610607
400,58,0.5062180928942696,1.75,3365.2595720068794
401,43,0.6868975256109363,1.7,1850.5677257935388
402,54,0.7597382812950191,1.57,2917.684851879769
403,64,0.5893820252905808,1.94,4097.379560436161
404,43,0.20265562588520747,1.6,1849.7405344975045
405,55,0.3158460805745136,1.6,3025.9329582704763
406,60,0.8157469063320415,1.62,3601.7842179153163
407,54,0.3696853971742988,1.5,2917.012780950857
408,23,0.4372075878072812,1.73,530.1428930612238
409,56,0.7351770201032118,1.52,3137.637048636942
410,42,0.35022495913653073,1.96,1764.969236131539
411,30,0.6896589960426234,1.83,901.5657170948401
412,51,0.9250115758238221,1.68,2602.972359710896
413,62,0.5254938696379113,1.63,3845.2913843725505
414,58,0.9132160956052678,1.87,3365.9410728069174
415,27,0.3917752224206274,1.74,730.0653783898422
416,56,0.339514698497285,1.58,3136.9714562610943
417,48,0.9286052436515695,1.93,2305.9580188562977
418,20,0.33360896957730335,1.85,400.95823574315875
419,46,0.7414528183283297,1.94,2117.6380807843257
420,52,0.33028913056020015,1.72,2704.9613315539477
421,34,0.2926635023300657,1.65,1156.89652920292
422,48,1.0,1.88,2306.0872477027665
423,42,0.005919155365399609,1.67,1764.4097027260725
424,52,0.7221998355313181,1.91,2705.6104830271483
425,49,0.05759192231845639,1.76,2401.4964688568334
426,54,0.6550165103452773,1.65,2917.512529316546
427,50,0.30472105664588345,1.62,2500.9154739708497
428,30,0.524059610825214,1.78,901.2883495129545
429,36,0.7609374254834933,1.97,1297.6654711412245
430,36,0.6966675986142186,1.67,1297.5839750795956
431,53,0.39924476796384184,1.8,2810.0747360390383
432,21,0.6755094252854363,1.62,442.54581419753686
433,32,0.36880874899159277,1.51,1025.0127924069964
434,51,0.42658510428788887,1.7,2602.1251946772895
435,58,0.043406027434204186,1.63,3364.4718350408043
436,49,0.8404216746855083,1.96,2402.8025705479727
437,20,0.652052327824917,1.65,401.50749020626137
438,48,0.665439785331859,1.61,2305.528020721706
439,58,0.7105317768857151,1.81,3365.603093184958
440,37,0.3197439968977104,1.9,1369.927880570387
441,29,0.33130599959439205,1.61,841.9599932859527
442,63,0.821426371027348,1.83,3970.7897216323145
443,38,0.5585716099957564,1.54,1445.3394616976334
444,20,0.21051469625000113,1.95,400.7336402087504
445,46,0.56869616139932,1.59,2117.361972638631
446,44,0.43279833330012113,1.58,1937.1300384402593
447,36,0.3215505565274024,1.66,1296.9459964578236
448,38,0.23940981720524912,1.69,1444.8069566912488
449,41,0.388609779891004,1.53,1682.0492420702028
450,47,0.7053980116825788,1.77,2210.5972214140265
451,58,0.3200925751276247,1.92,3364.9252584216383
452,46,1.0,1.66,2118.099360511727
453,41,0.5719741459317409,1.77,1682.3704008422503
454,62,0.29496842057403283,1.67,3844.9010864769275
455,60,0.6682055406508798,1.71,3601.535909421106
456,53,0.67372845041481,1.55,2810.5364388605826
457,43,0.5387874131796303,1.8,1850.311958535905
458,35,0.5317213410414403,1.83,1226.2972230813382
459,60,0.20474119267059376,1.75,3600.747061276499
460,32,0.12476329659339802,1.61,1024.608870690851
461,60,0.8121253247417488,1.61,3601.777386138703
462,33,1.0,1.99,1091.0677357270267
463,23,0.300405289188282,1.58,529.9049702652691
464,57,0.35312118313097873,1.86,3249.990195971963
465,61,0.6197468601857843,1.58,3722.447850935965
466,26,0.4282184187920227,1.96,677.1018250129534
467,62,0.4557223250061537,1.71,3845.1746879545103
468,46,0.49913320603824907,1.93,2117.2279163923554
469,39,0.7193505189155054,1.79,1522.6196689687986
470,54,0.11728572606695792,1.77,2916.59743052848
471,33,0.6642755007967419,1.52,1090.5165160541212
472,25,0.09536540870280358,1.91,625.5448645015395
473,46,0.0,1.62,2116.3974481745518
474,63,0.6589146213010288,1.87,3970.5087603006
475,48,0.6940077175898682,1.81,2305.5750022841553
476,20,0.26286704224796964,1.89,400.8326915055323
477,46,0.7356395356772298,1.85,2117.6416877055285
478,34,0.9188872927280751,1.78,1157.9595565721895
479,51,0.9315155473233474,1.74,2602.982936942177
480,22,0.32440690929993554,1.88,484.9387394485765
481,44,0.2736154158187658,1.99,1936.8328819339185
482,47,0.36691172815044704,1.76,2210.022312526748
483,37,0.550127977200561,1.6,1370.3312374947407
484,53,0.6565279640515939,1.83,2810.5093943404554
485,54,0.6762711537973799,1.59,2917.544850125708
486,61,0.418316525512145,1.84,3722.1033744258516
487,39,0.5887478398803946,1.87,1522.3894767721847
488,29,0.43326539091084204,1.99,842.104286891575
489,61,0.02995114686002287,1.79,3721.4476900363043
490,37,0.5615314200215191,1.59,1370.349792578289
491,58,0.9705656596323008,1.8,3366.0459815548747
492,26,0.45287123548720265,1.93,677.1492710424185
493,52,0.3105777217312562,1.94,2704.9055931201106
494,24,0.6534874537354514,1.67,577.5105688333017
495,22,0.8208970482825093,1.76,485.79408757097264
496,50,0.7116119300248389,1.52,2501.596987983809
497,26,0.9216499155778815,1.82,677.9610861301313
498,28,0.6598181271970378,1.52,785.5089385190016
499,32,0.6443453016690269,1.62,1025.4928351873891
500,38,0.7239735346068762,1.77,1445.628799802998
501,59,0.40346117606993664,1.72,3482.0857240313144
502,59,0.4553154845304675,1.55,3482.165136818579
503,53,0.668920953569021,1.85,2810.5282661159445
504,43,0.16121400632634608,1.94,1849.6516748039219
505,27,0.2047601492506233,1.97,729.7199697716288
506,51,0.2287432736712987,1.71,2601.788823567241
507,35,0.5566202071602404,1.91,1226.3289976589172
508,56,0.7655275789018758,1.98,3137.671234690037
509,57,1.0,1.98,3251.0698378059037
510,51,0.5173079401496705,1.87,2602.2680289426426
511,52,0.4087525443642007,1.98,2705.064717131323
512,42,0.4071516719744847,1.54,1765.0820478029973
513,28,0.8639432830986981,1.67,785.8683437432192
514,38,0.9067184205743164,1.8,1445.937441248476
515,60,0.4604459230880376,1.98,3601.1525958751536
516,23,0.8654355989833014,1.56,530.8634768507526
517,20,0.49170992171312816,1.82,401.23018814056127
518,54,0.7362586570075298,1.62,2917.6490878914647
519,24,1.0,1.96,578.073853701007
520,58,0.8452296472863012,1.93,3365.816280342477
521,59,1.0,1.73,3483.0996401619514
522,54,0.9589870350281264,1.78,2918.0277261341
523,22,0.9660408345681903,1.83,486.03556622033364
524,45,0.5200742261898054,1.72,2026.2839662165186
525,37,0.14759130623992894,1.65,1369.6499064695668
526,37,0.06355051055242628,1.54,1369.4979258285798
527,35,0.23232001048551426,1.61,1225.7917171044676
528,49,0.32562114347905546,1.8,2401.949575877414
529,23,0.8466496619208734,1.68,530.8391444572612
530,29,0.957956561984987,1.89,843.0143436890852
531,40,0.4421291897834272,1.69,1601.1515796246317
532,25,0.7005879295075088,1.94,626.5686104733298
533,53,0.5651165329926167,1.76,2810.3592606949796
534,59,0.40067125013255905,1.7,3482.0811411252253
535,28,0.5394456289147936,1.54,785.3069475297959
536,55,0.8483563417621087,1.87,3026.830811225384
537,51,0.4596313723227312,1.7,2602.1813733329486
538,56,0.2972615620913418,1.66,3136.9047051672824
539,46,0.14052254086301968,1.82,2116.6331695931162
540,43,0.24739441351549668,1.67,1849.8202106649276
541,40,0.8157297879259052,1.86,1601.7766306001147
542,48,0.26848225419447763,1.93,2304.8358097742207
543,47,0.24298794893053055,1.93,2209.792469455272
544,46,0.7012766953733751,1.96,2117.566024083142
545,27,0.2163170558404391,1.91,729.7504823016735
546,44,0.879344608120644,1.77,1937.8929306279713
547,48,0.3820846998742058,1.7,2305.0495439897863
548,47,0.24715898406435372,1.8,2209.816190206409
549,58,0.4964198121969501,1.59,3365.239102844987
550,28,0.12578915509357824,1.57,784.6071383652268
551,35,0.6081819233026845,1.89,1226.4197268033251
552,51,0.31865622431491836,1.71,2601.941675583335
553,22,0.5087244833620941,1.87,485.2534370661037
554,36,0.39857481172021064,1.74,1297.0769376916514
555,46,0.32814881237196186,1.69,2116.957812983032
556,64,0.12024570621571146,1.87,4096.593023144955
557,24,0.9207549929370007,1.64,577.9638460768854
558,23,0.5666665880205575,1.86,530.3532231602757
559,53,0.9800873977749753,1.66,2811.0655090879445
560,26,0.3162739767938369,1.58,676.9319470341985
561,38,0.35195618274781293,1.55,1444.9894260055485
562,31,0.8051461969621119,1.74,962.7681090465627
563,34,0.18095079651472384,1.66,1156.706976865802
564,30,0.855784448511314,1.51,901.84065109618
565,43,0.4634052878050723,1.75,1850.1867902382276
566,29,0.6818555579142086,1.71,842.5591144504541
567,38,0.8814864288868721,1.6,1445.8945468626073
568,57,1.0,1.61,3251.096773086642
569,41,0.23444649464975792,1.75,1681.7975602898634
570,34,0.5084115797762501,2.0,1157.2298721597283
571,22,0.0,1.99,484.3677357270266
572,45,0.5378134146933036,1.95,2026.2900480301041
573,63,0.47797760501270875,1.85,3970.203662423399
574,40,1.0,1.67,1602.0996401619514
575,36,0.8353308053986808,1.75,1297.8190636181366
576,57,0.6657802032189756,2.0,3250.4973988195807
577,39,0.7452618840624416,1.62,1522.6643933774578
578,39,0.6193032534620085,1.84,1522.4450518633664
579,34,0.6636190769100287,1.98,1157.4979902366513
580,42,0.013946901792024735,1.65,1764.4227109820054
581,49,0.23852123812111525,1.82,2401.799767378455
582,56,0.0,1.87,3136.3886054443883
583,37,0.5091871349710209,1.69,1370.2655781314506
584,25,0.0464004273176194,1.86,625.4687706870807
585,42,0.37863910279279067,1.84,1765.0359228072286
586,44,0.2986209548199942,1.74,1936.9070161349212
587,58,0.5174595985051023,1.67,3365.27932147941
588,45,0.4245155674646388,1.62,2026.1191246392416
589,58,0.5409365464429732,1.95,3365.295357354078
590,44,0.20590782692526627,1.52,1936.7372910085396
591,32,0.60066692128752,1.89,1025.4069512998994
592,45,0.3291276206617862,1.52,2025.9467646578917
593,37,0.274100318452458,1.6,1369.861990474869
594,34,0.26372251975397265,1.54,1156.8382182442224
595,44,0.0,1.68,1936.3998400319958
596,48,0.373384875739337,1.63,2305.0327990829232
597,20,0.27039467372188464,1.89,400.84548847903795
598,44,0.1844566808186313,1.7,1936.7135763573917
599,60,0.1745119138169297,1.77,3600.694715047655
600,38,0.3663761554764479,1.58,1445.017120737959
601,50,0.2707832482347373,1.81,2500.8555206862516
602,24,0.5541664143015385,1.99,577.3098186313392
603,41,0.312332687842653,1.92,1681.9120666132537
604,33,0.30167808597608303,1.64,1089.9114153350517
605,61,0.9620641367023068,1.74,3723.034869544121
606,26,0.4203418616633251,1.91,677.0973244715724
607,58,0.6535612288073902,1.61,3365.5078271756147
608,39,0.1363264087983001,1.64,1521.6303174838495
609,31,0.0,1.74,961.3993605117271
610,60,0.4308345248612356,1.62,3601.129866866816
611,49,0.5229467507399569,1.68,2402.2888495082534
612,33,0.16707270155783177,1.6,1089.680043526148
613,49,0.41468018371482646,1.68,2402.1047963443107
614,49,0.17308568274841668,1.66,2401.6936061723995
615,30,0.5333736286689759,1.93,901.2861251108275
616,34,0.8069918372057303,1.63,1157.769930917416
617,32,0.40302983156397565,1.91,1025.0678940204034
618,29,0.7380209454671891,1.54,842.6445255679349
619,35,0.4948044916771237,1.69,1226.2411276378512
620,31,0.8430750541417917,1.73,962.8328677539924
621,55,1.0,1.52,3027.0872477027665
622,54,0.17485394454702868,1.97,2916.669129223633
623,40,0.2919864974382722,1.59,1600.8915662098973
624,35,0.439704852187908,1.96,1226.1213519497264
625,34,0.7867959738385816,1.79,1157.7343262421678
626,28,0.2296209362821619,1.79,784.7871286783219
627,47,0.0,1.64,2209.398562588892
628,32,1.0,1.74,1026.0993605117271
629,60,0.4891510755316728,1.75,3601.2305580773627
630,22,0.7140099119491015,1.89,485.5996343840242
631,29,0.45099774521157077,1.75,842.1656974158186
632,20,0.682187364379188,1.77,401.5577633136109
633,50,0.8437844577465872,1.98,2501.804271384073
634,29,0.5187117020988099,1.75,842.2808111425269
635,24,0.6526477564700425,1.87,577.4981066303872
636,34,0.6319492588847623,1.57,1157.4676105416718
637,24,0.3103734884703676,1.7,576.9276349303996
638,53,0.0,1.64,2809.398562588892
639,58,0.7004701759953669,1.83,3365.5840961007602
640,37,0.2311136533856052,1.6,1369.7889131442553
641,31,0.2788569413663439,1.88,961.8613045030894
642,20,0.5506931831457041,1.58,401.33045968499664
643,25,0.7384393955566185,1.96,626.6292006734532
644,39,0.45137659964243393,1.72,1522.167180251388
645,24,0.5326500912356531,1.65,577.3045064040596
646,43,0.6720006097547863,2.0,1850.5079735106917
647,29,0.6682006854362723,1.69,842.5359011672416
648,63,0.6717270291881537,1.58,3970.536217223269
649,39,0.37645317660707145,1.58,1522.034251673881
650,55,0.7894852333641333,1.77,3026.740169690885
651,59,0.5580827434813921,1.65,3482.347741912877
652,23,0.028412789467934296,1.71,529.4482617440955
653,52,0.057448480768739985,1.62,2704.4951105918585
654,52,0.0,1.75,2704.399001248959
655,62,0.7258103163630625,1.71,3845.633837539817
656,51,0.5543379035558739,1.96,2602.3162281370523
657,42,0.07711681664551412,1.95,1764.5068638134228
658,43,0.3305881033356145,1.52,1849.9492474784372
659,23,0.008601440812969874,1.6,529.4106423828817
660,27,0.7448438682649556,1.55,730.6573350709278
661,31,0.553843963909505,1.61,962.3383078252884
662,63,0.22996511967992767,1.58,3969.785221977105
663,26,0.7308963135804809,1.79,677.6392968197291
664,34,0.21139948556074628,1.92,1156.7404801693745
665,32,0.0,1.99,1024.3677357270267
666,53,0.3680465112563723,1.77,2810.023723863302
667,42,0.0,1.99,1764.3677357270267
668,36,0.3597428123285954,1.97,1296.9834402988613
669,63,0.5621395402174101,1.87,3970.344242662758
670,35,0.27408486670089166,1.84,1225.8581806058723
671,61,0.6451054048861325,1.65,3722.4956804372655
672,63,0.4941507216127583,1.55,3970.231156721619
673,55,0.9679264332014145,1.56,3027.0377112689234
674,61,0.3284693051394436,1.76,3721.956960407629
675,30,0.615398572582505,1.8,901.44219750689
676,20,0.35325557731037754,1.62,400.9979826559793
677,50,0.3630246228915247,1.78,2501.0145900334674
678,29,0.4217608363484824,1.64,842.1155560106848
679,46,0.747096688732439,1.98,2117.639902176749
680,56,0.33306466508427135,1.56,3136.958446263124
681,62,0.6228116569379774,1.77,3845.4568246109607
682,38,0.712437657832792,1.66,1445.6105045300428
683,63,0.31768771601957385,1.83,3969.933365918801
684,28,0.6026505771889357,1.83,785.4178027827888
685,58,0.4728808060931937,1.81,3365.1990865346106
686,63,0.9187606512745693,1.69,3970.9618531091664
687,53,0.45138587463460755,1.55,2810.1584564817563
688,36,0.15702661759973718,1.95,1296.6427104750449
689,51,0.862527132995464,1.86,2602.856186086733
690,24,0.34507580723237236,1.94,576.9642398654621
691,46,0.329952760731874,1.62,2116.958367867796
692,60,0.7876071046982249,1.66,3601.738292589714
693,21,0.4930564667013438,1.75,442.2371972423513
694,60,0.9959270095229829,1.6,3602.089095849689
695,49,0.7381015026334692,1.59,2402.649961718729
696,46,0.8469673494930507,1.58,2117.834125767787
697,39,0.5589926205627879,1.87,1522.3388928993447
698,31,0.5269517870158479,1.79,962.2925911245692
699,27,0.0,1.94,729.3776109931671
700,24,0.3101942919867264,1.76,576.9258928852698
701,26,0.5317117682847616,1.52,677.2911577088507
702,33,0.7334916706043384,1.54,1090.636825800668
703,40,0.8609828458437431,1.61,1601.8604439245767
704,24,0.8123292448191033,1.64,577.7795223050849
705,39,0.48498253780424855,1.92,1522.2055713581885
706,48,0.46078726567526107,1.52,2305.170586054415
707,64,0.45469347139107236,1.71,4097.172938903364
708,25,0.7409225893827864,1.75,626.6585696509097
709,51,0.6955384326316763,1.62,2602.5798635100255
710,54,0.4975040610244597,1.52,2917.233004606508
711,36,0.21443074382935312,1.77,1296.7625770586762
712,45,0.5394707089375446,1.7,2026.3171002051938
713,24,0.727474417110189,1.6,577.632726442587
714,50,0.18185422789171973,1.58,2500.703433461065
715,36,0.22764214875842775,1.65,1296.7859929018482
716,24,0.7715133456550152,1.96,577.6854263886205
717,36,0.0,1.74,1296.399360511727
718,42,0.5781541278157563,1.68,1765.3827020492827
719,30,0.4115300653926736,1.84,901.0918374436485
720,22,0.8642970337600262,1.92,485.85040600131333
721,37,0.9007884110492743,1.77,1370.92938509295
722,59,0.7022875395997429,1.79,3482.5906619039615
723,63,0.7417183025308636,1.84,3970.6531574467836
724,55,0.0,1.81,3025.3951891642523
725,40,0.41414957306216427,1.91,1601.0867975809504
726,41,0.14169052894352613,1.89,1681.6266914329146
727,60,0.0,1.95,3600.375765225125
728,57,0.6553373053621158,1.96,3250.487927120123
729,57,0.33239216039358577,1.59,3249.9602558369215
730,39,0.5311810798897698,2.0,1522.2685803099212
731,37,0.7865065269798266,1.79,1370.733834182508
732,47,0.26156526753826576,1.79,2209.841434041457
733,43,1.0,1.96,1851.073853701007
734,23,0.5651561035225904,1.67,530.3604055379399
735,27,0.521500691951471,1.63,730.2845959704839
736,60,0.006420345224003532,1.69,3600.4108745888807
737,57,0.3913746030752926,1.79,3250.0621099118703
738,21,0.7931173565722236,1.56,442.7405358386538
739,63,0.577143819406958,1.9,3970.365460268653
740,29,0.4530177445038556,1.78,842.1675783402083
741,57,0.9837062738573987,1.78,3251.0697488401092
742,56,0.21998236272694865,1.62,3136.7714181911874
743,40,0.4135079392387816,1.71,1601.1029234987059
744,50,0.6162391769617239,1.81,2501.4427957650873
745,45,1.0,1.69,2027.099960002
746,60,0.8371663057356109,1.72,3601.823022751746
747,31,0.7684061429566533,1.92,962.6873914869476
748,62,0.9394902982372524,1.91,3845.9798768137484
749,55,0.5116305342841161,1.64,3026.268334497175
750,62,0.956808463953686,1.91,3846.009317695466
751,21,0.7044489201006171,1.76,442.59612575306346
752,60,0.6956800696124705,1.86,3601.5725460789818
753,64,0.8638463295260322,1.85,4097.859639255072
754,27,0.9377638180457638,1.95,730.9699637158033
755,50,0.4428305165338135,1.75,2501.1518131270664
756,24,0.7442073334666652,1.56,577.6573887993743
757,38,0.7396398163771448,1.54,1445.6472776484818
758,60,0.4031882908475723,1.95,3601.061185319566
759,42,0.35090263972828145,1.87,1764.9851399319261
760,47,0.08960599992736612,1.91,2209.5350735066213
761,22,0.8074913623145539,1.71,485.7726953179347
762,23,0.42715962409397434,1.52,530.1134190637264
763,26,0.10752241153109876,1.84,676.5750244320838
764,55,0.3271480829521829,1.98,3025.9259895469227
765,50,0.5231657287367609,1.98,2501.2592195447564
766,21,0.0,1.55,441.3911004948773
767,50,0.22871475612507236,1.85,2500.77991558029
768,48,0.474535187126022,1.93,2305.1860997602043
769,40,0.5200102868532043,1.6,1601.2800374211502
770,33,0.6969446402263858,1.58,1090.5790871620338
771,29,0.32798182122202335,1.77,841.9556138902439
772,64,0.4288210660756665,1.92,4097.11009685625
773,58,0.458564459864715,1.68,3365.179399613766
774,26,0.6787385605668251,1.96,677.5277092539706
775,42,0.6498944012536789,1.73,1765.5044606440827
776,33,0.16373200137741006,1.7,1089.6783444023417
777,40,0.2953001222731534,1.82,1600.8962914815133
778,46,0.3521918364535137,1.66,2116.998086633698
779,22,0.6819503302859289,1.76,485.5578781503785
780,21,0.3963070059183177,1.77,442.07176670422746
781,61,0.13425001057729807,1.69,3721.628185019981
782,62,0.08632469868230863,1.7,3844.54675198776
783,37,0.3616228740663823,1.7,1370.014758885913
784,42,0.6513842374612882,1.83,1765.5006500052518
785,44,0.461715244632939,1.92,1937.1660169597972
786,59,0.6666090952144201,1.69,3482.533195463864
787,47,0.5746322572575444,1.7,2210.3768748373377
788,37,0.3237466456696798,1.83,1369.9436660992062
789,25,0.4276043692313637,1.77,626.1249722218597
790,57,0.8215105646992646,1.87,3250.785173404377
791,43,0.4706927462020557,1.57,1850.1934744701111
792,42,0.8846754659016117,1.65,1765.9029495409916
793,31,1.0,1.59,963.0951891642524
794,44,0.4603839133083953,1.58,1937.1769339262733
795,59,0.4762396897653003,1.69,3482.2095674746006
796,52,0.0,1.81,2704.3951891642523
797,48,0.9960626751583579,1.54,2306.08319650841
798,40,0.21561775278448408,1.85,1600.7576506746109
799,51,0.3850861105065738,1.58,2602.0489276615103
800,43,0.6142199906956491,1.6,1850.4401939176823
801,21,0.8391851702866883,1.57,442.8199115910551
802,34,0.2261230735049583,1.7,1156.7844092249586
803,42,0.3662272378418301,1.93,1765.0019762464215
804,23,0.05938376252391536,1.91,529.4836957030353
805,47,0.24421409541377304,1.9,2209.799479737864
806,35,0.46513802438756613,1.96,1226.1645883424658
807,38,0.5193797015345517,1.95,1445.2587107177342
808,57,0.9985462848860857,1.52,3251.084776387073
809,64,0.28752552514929164,1.77,4096.886838186921
810,33,0.6533600018047195,1.7,1090.5107120030682
811,54,0.5955218954936838,1.71,2917.412347224339
812,30,0.5333467444828106,1.51,901.2925069993314
813,23,0.14720761779561575,1.6,529.6462728837522
814,42,0.17597251269642683,1.85,1764.6902537664612
815,35,0.3155262792058603,1.54,1225.9262846352906
816,43,0.646079903694723,1.67,1850.4979759982323
817,63,0.31530978612256494,1.6,3969.932046569908
818,28,0.0,1.74,784.3993605117271
819,62,1.0,1.54,3846.0898899606404
820,46,0.8459216019524847,1.58,2117.832347996968
821,58,0.0,1.95,3364.375765225125
822,61,0.1690827571365774,1.67,3721.687080849084
823,59,0.42414307674399554,1.71,3482.1210032324643
824,64,0.32937033449105124,1.94,4096.937540561802
825,34,0.5094125199186975,1.66,1157.265361795589
826,34,0.391838233979368,1.66,1157.065485509492
827,44,0.20467913394239273,1.53,1936.7365599720902
828,58,0.5256242432238366,1.81,3365.288750377733
829,47,0.6468231528821808,1.82,2210.493880633549
830,48,0.6064237596359338,1.5,2305.415236167042
831,62,0.45417247421020196,1.74,3845.1714537178846
832,35,0.9686910119970348,1.6,1227.0427946538946
833,20,0.5265907635452203,1.86,401.28509425866764
834,57,0.17659879042812948,1.63,3249.698262737894
835,22,0.4597223473396866,1.62,485.1789761650291
836,64,0.0,1.55,4096.391100494878
837,28,0.5555353205899344,1.79,785.3411831316452
838,38,0.15742684650867322,1.54,1444.6575155997054
839,54,0.34347224052262393,1.84,2916.9761391413695
840,63,0.034418497843501816,1.91,3969.4412547530787
841,45,0.4324612463675906,1.59,2026.1303732830772
842,34,0.7397546642433692,1.91,1157.6403262359584
843,63,0.5189249459832945,1.94,3970.259783401339
844,53,0.9892799770164461,1.56,2811.074012293409
845,33,0.5103522264902715,1.66,1090.2669592967604
846,59,1.0,1.6,3483.0960199334995
847,21,0.5755259349675836,1.92,442.3594951333662
848,42,0.5474047781017026,1.56,1765.3228244552538
849,42,0.7097280485208489,1.69,1765.6064976844855
850,43,0.7348301879817394,1.76,1850.6477739084614
851,43,0.6049430373747101,1.55,1850.4195036584142
852,32,0.6151430652159114,1.72,1025.445583242863
853,60,0.20441404405512675,1.86,3600.7373938355345
854,61,0.6382454886824015,1.64,3722.483579919652
855,31,0.46611498623508196,1.65,962.1913967255585
856,54,0.8660175627253167,1.72,2917.8720698886286
857,27,0.5128136867081698,1.67,730.2714234293553
858,36,1.0,1.93,1298.0793899420903
859,21,0.5709365801764159,1.96,442.34444588730685
860,48,0.687573446453798,1.86,2305.558764819612
861,23,0.044809269038166955,1.62,529.4736239319166
862,26,0.35811357039334746,1.94,676.9864040628357
863,38,0.6965975781871123,1.6,1445.5802358164178
864,29,0.23265757271344156,1.95,841.7712830987383
865,39,0.8262346960924751,1.85,1522.7956994782344
866,55,0.3533857492430236,1.76,3025.999318362605
867,28,0.21168647246084088,1.79,784.7566400898257
868,42,0.4461986500951737,1.65,1765.1575389541208
869,40,0.4955452041618427,1.91,1601.2251701538198
870,50,0.30005200861703196,1.69,2500.910048416649
871,27,0.0,1.67,729.3996401619514
872,22,0.4052018512782718,1.96,485.06269684818005
873,21,0.8202131749682418,1.77,442.7924071916123
874,20,0.6339330956053071,1.77,401.47573105669534
875,63,0.1123952503299726,1.78,3969.588520100113
876,58,0.22056022103000483,1.66,3364.774312887478
877,29,0.712490829271074,1.56,842.6034707422417
878,41,0.8374358982260416,1.7,1682.8236410269844
879,50,0.5044273173327395,1.53,2501.246131883854
880,20,0.09145399164934398,1.71,400.55543178780385
881,60,0.5138229204748467,1.53,3601.2621044091957
882,20,0.20608921408492203,1.52,400.737599366711
883,52,0.6429404960438656,1.83,2705.4862956448424
884,51,0.7322850179494723,1.5,2602.629200306175
885,33,0.12334562452853665,1.89,1089.5955050954092
886,23,0.22070980249393457,1.97,529.7470841821425
887,54,0.6896534689289013,1.52,2917.5596585999456
888,31,1.0,1.66,963.0993605117271
889,33,0.6912597913226768,1.96,1090.5489953462554
890,59,0.14564403308226304,1.84,3481.6398311887206
891,20,0.37331195865414946,1.78,401.0320785042637
892,55,1.0,1.58,3027.094281273649
893,36,0.7810404975145571,1.99,1297.6955045728014
894,40,0.5625074794769453,1.86,1601.3461526757515
895,55,0.8991242583847194,1.65,3026.927512488213
896,36,1.0,1.63,1298.0980447941663
897,32,0.0,1.5,1024.384315775661
898,24,0.49485675833417714,1.67,577.2408966511196
899,38,0.12586263479011833,1.99,1444.58170220617
900,61,0.5008412507242643,1.59,3722.2466192904835
901,64,0.13938388159187953,1.9,4096.621268374367
902,54,0.58654100326977,1.64,2917.395682294451
903,33,0.343399435456054,1.8,1089.979798973775
904,48,0.7519007850649143,1.87,2305.6668367789985
905,43,0.3378746293763737,1.64,1849.9729494588323
906,43,0.4503998608820097,1.88,1850.1529274662662
907,33,0.4657384331923238,1.83,1090.1850521379947
908,45,0.5907545177707453,1.87,2026.3928881245984
909,57,0.6207798491851767,1.95,3250.43109096874
910,58,0.289917239771328,1.57,3364.886156109179
911,44,0.0,1.65,1936.399001248959
912,32,0.5845205778184414,1.93,1025.3730749243816
913,30,0.34366344981962493,1.5,900.9685436403544
914,64,0.9688138621132957,1.56,4098.0392198980735
915,59,0.8903418488036858,1.67,3482.913221304918
916,63,0.6076013779399854,1.79,3970.42969542914
917,46,0.0,1.61,2116.396773086642
918,38,0.002084528516769324,1.82,1444.3978249721276
919,42,0.7820458423022273,1.59,1765.724667096166
920,44,0.8925618159168944,1.55,1937.908455581936
921,35,0.7696461673731854,1.71,1226.7083584865343
922,22,0.13095857983099435,1.96,484.59648328671966
923,36,0.0,1.88,1296.3872477027667
924,40,0.1710557661967913,1.56,1600.6830311350154
925,51,0.2335947860835098,1.53,2601.7857165807304
926,41,0.6810614664584008,1.72,1682.557644524975
927,23,0.48134831774058917,1.7,530.218292140159
928,55,0.0,1.6,3025.3960199334997
929,56,0.15701845732783265,1.98,3136.636769183361
930,24,0.1790754418692045,1.97,576.6763057690805
931,30,1.0,1.72,902.0998400319958
932,23,0.3445308567565404,1.52,529.9729501592528
933,51,0.5358917462625185,1.51,2602.296833502357
934,40,0.41579217192121126,1.64,1601.1054092811585
935,58,0.22255539638734295,1.67,3364.77798433581
936,27,1.0,1.56,731.092236332481
937,35,0.26258148564427664,1.88,1225.833636228362
938,60,0.8288254579531196,1.51,3601.794820812231
939,35,0.5961142149010612,1.54,1226.4032841259725
940,45,0.2480452784852541,1.6,2025.8176969069245
941,33,0.6531141521379119,1.98,1090.4801318645386
942,58,0.5072205998066204,1.92,3365.2433760635927
943,22,0.24405528208937993,1.89,484.8007115132627
944,51,0.0,1.93,2601.3793899420903
945,30,0.569841789261399,1.69,901.3686910437443
946,54,0.6991955232784188,1.96,2917.5624860905805
947,53,0.39754294673484863,1.86,2810.06571297009
948,49,0.7800378629688317,1.5,2402.710380142708
949,50,0.39743541648336855,1.75,2501.0746414569808
950,60,0.4412349352486644,1.98,3601.1199371958264
951,30,0.13060919480547573,1.58,900.6163169048183
952,52,0.6664041507327115,1.87,2705.521492500634
953,21,0.5849000892359374,1.75,442.3933314006601
954,29,0.425953656038196,1.55,842.1152217101424
955,49,0.4671057759271215,1.65,2402.193081068035
956,35,0.7791174324068655,1.7,1226.7244996350917
957,20,0.529763259995694,1.54,401.2904875026334
958,45,1.0,1.55,2027.0911004948773
959,35,1.0,1.81,1227.0951891642524
960,53,0.40716657538643397,1.68,2810.0920232101525
961,63,0.5758213214737625,1.5,3970.3632120221664
962,54,0.5388128173547894,1.7,2917.3159817895034
963,51,0.12092372532815776,1.82,2601.599851606707
964,32,0.010185320644911067,1.75,1024.4163162940554
965,25,0.5610590333884582,1.66,626.3531608684874
966,43,0.27799861115145075,1.82,1849.8668789126066
967,44,0.0,1.84,1936.392236332481
968,21,0.22287869055253484,1.76,441.7774563628317
969,27,0.32592531222016496,1.79,729.9508461174165
970,37,0.3562361833888068,1.58,1369.9998827854101
971,56,0.29997962169252007,1.98,3136.879803162781
972,36,0.6668474737296772,1.81,1297.5288298695928
973,39,0.5095690432403356,1.84,1522.2585037059896
974,26,0.5227686153457293,1.83,677.2820034476554
975,32,0.45208701208888297,1.99,1025.1362836475778
976,26,0.5480728246196119,1.67,677.3313639638047
977,29,0.37044785170445615,1.59,842.0249505121499
978,54,0.7524569265366761,1.93,2917.6585667172026
979,43,0.391799913039256,1.93,1850.045449794257
980,53,0.49633741517194657,1.77,2810.2418183999584
981,27,0.8688744322777644,1.64,730.8756491237647
982,49,0.756947654548071,1.56,2402.6790473452124
983,50,0.5831405218231908,1.77,2501.389383681266
984,29,0.476626333947371,1.58,842.2045460413595
985,49,0.0,1.99,2401.3677357270267
986,57,0.0,1.54,3249.3898899606406
987,24,0.7968931469445871,1.56,577.7469546822867
988,43,0.7555898049451344,1.57,1850.6777994699744
989,63,0.47870296052126465,1.98,3970.18363283879
990,20,0.2973073650261219,1.85,400.89652301542174
991,42,0.40506586952524276,1.55,1765.0797124730702
992,20,0.579118925879995,1.63,401.3825469681623
993,35,0.3980444970357365,1.9,1226.0609914206218
994,21,0.7354709036622382,1.72,442.6501405682215
995,41,0.5042455751208201,1.97,1682.2290949956082
996,50,0.4259876971020722,1.77,2501.1222238792398
997,44,0.0,1.9,1936.384315775661
998,45,0.7924477073734666,1.66,2026.746521614262
999,43,0.630427508350254,1.71,1850.4716867661953
